{"AvailGreedy":{"accept_ratio":{},"total_bw":{"req_num1":[190,270,150,270,170,290,190,430,550,550],"req_num3":[890,1130,1290,1110,970,1030,890,1230,1550,1090],"req_num4":[1500,1560,1540,1440,1200,1500,1260,1420,1320,1060],"req_num7":[2610,2010,2810,1990,2430,2710,3030,2130,2110,2470],"req_num2":[780,720,840,820,660,960,740,720,760,1060],"req_num8":[3740,3000,4680,2620,2180,2940,2400,2840,2380,2620],"req_num6":[3320,2620,2200,2020,3060,2500,2240,2080,2540,2320],"req_num9":[3230,3810,4570,4100,3560,3420,3330,3920,3030,2770],"req_num5":[1670,2090,1910,1190,2010,1990,1930,1490,2070,1150]},"aver_avail":{"req_num1":[0.9987560787,0.9998621922,0.9984811754,0.9998621922,0.9985509561,0.9999123623,0.9987289585,0.9999892633,0.9999925652,0.9999925652],"req_num3":[0.999796325,0.9995590128,0.9998396317,0.9992918805,0.9991966812,0.9995629822,0.9999159286,0.9995035897,0.9998769649,0.9994673233],"req_num4":[0.9995931737,0.999950617,0.9996423756,0.999657974,0.9993128997,0.9995641143,0.9992471607,0.9992872123,0.9998048828,0.9992837812],"req_num7":[0.9995451342,0.9995314157,0.9997263554,0.9993259893,0.99955977,0.9998575026,0.9997296438,0.9995305062,0.9994471428,0.9995119062],"req_num2":[0.9997918045,0.9993374717,0.9999523812,0.9999137361,0.9992082308,0.9999835224,0.9993743219,0.9993670952,0.9998639314,0.9999600883],"req_num8":[0.9997134354,0.999682163,0.9998841463,0.9998879161,0.9991716726,0.9995766283,0.999436592,0.9995419395,0.9995602631,0.9994634924],"req_num6":[0.9999316254,0.9997968318,0.9996857532,0.9997381071,0.9996437552,0.9998746549,0.9997049931,0.9994421218,0.9999296658,0.9996951782],"req_num9":[0.9994698285,0.9996360515,0.9998203421,0.9997089597,0.9995720326,0.9995011861,0.9994910191,0.9996901783,0.99970632,0.9992416174],"req_num5":[0.9995426193,0.9995839953,0.9997698317,0.9991849882,0.9998707528,0.9998811804,0.9995593778,0.9996251757,0.9998750708,0.9991999158]},"label":"AVGR"},"TARE":{"accept_ratio":{},"total_bw":{"req_num1":[90,120,60,120,70,140,80,240,360,360],"req_num3":[440,660,790,690,540,510,430,750,990,620],"req_num4":[810,850,930,790,680,870,690,850,670,520],"req_num7":[1400,990,1440,970,1340,1350,1540,1120,1120,1260],"req_num2":[460,420,490,460,390,560,450,430,450,660],"req_num8":[1790,1430,2240,1230,1060,1430,1180,1460,1160,1310],"req_num6":[1820,1420,1200,1060,1730,1330,1270,1170,1340,1300],"req_num9":[1470,1680,2090,1830,1620,1550,1520,1730,1290,1340],"req_num5":[920,1280,1090,550,1140,1140,1140,780,1190,540]},"aver_avail":{"req_num1":[0.9969485774,0.9996436636,0.9958033808,0.9996436636,0.9959743413,0.9998014131,0.9969160962,0.9999689077,0.9999849516,0.9999849516],"req_num3":[0.9993203334,0.9989080039,0.9994362323,0.9977751294,0.9980530217,0.9989376431,0.9998083049,0.9986309134,0.999536507,0.9985260989],"req_num4":[0.9988765556,0.9998865035,0.9991297852,0.9991658465,0.998211719,0.9986880397,0.9979200193,0.9981353164,0.9992759466,0.998128161],"req_num7":[0.9988231143,0.9987782333,0.9992565144,0.9981359299,0.9988494829,0.9995031951,0.9992557787,0.9987114631,0.9983612686,0.9986630163],"req_num2":[0.9992465268,0.9983762075,0.9998929232,0.9997978078,0.9978095121,0.9999612561,0.9984667645,0.9984516092,0.9996444323,0.9998904033],"req_num8":[0.9991804488,0.9990377517,0.9995842386,0.9996700446,0.9979207485,0.9988427802,0.9985031178,0.9986904249,0.9987474294,0.9986282181],"req_num6":[0.9998380026,0.9996409958,0.9991570543,0.9993549028,0.9990070894,0.9996092312,0.9991977917,0.9983941278,0.9998234526,0.9991624659],"req_num9":[0.9985396624,0.9988531812,0.9994084655,0.9991333013,0.9988075024,0.9987369757,0.9987133856,0.9991040603,0.9987171277,0.9981373151],"req_num5":[0.998580248,0.9986876262,0.9990358326,0.997924438,0.9995817888,0.9996096378,0.9986187791,0.9990703276,0.9995777252,0.9980495117]},"label":"TARE"},"ComGreedy":{"accept_ratio":{},"total_bw":{"req_num1":[270,500,250,500,230,540,280,840,1100,1100],"req_num3":[1640,2120,2170,1980,1830,1840,1480,2070,2750,2050],"req_num4":[2850,2970,2670,2640,2050,2770,2160,2460,2330,1840],"req_num7":[4630,3510,4740,3560,4250,4430,5060,3910,3870,4220],"req_num2":[1520,1280,1630,1410,1330,1700,1400,1290,1610,1960],"req_num8":[5500,4840,7190,4210,3730,4860,4210,4680,3960,4490],"req_num6":[5560,4830,3890,3480,5160,4520,4140,3710,4620,4080],"req_num9":[5110,5680,6800,5740,5720,5220,5510,5820,4640,4680],"req_num5":[3070,3950,3280,1970,3710,3780,3570,2540,3580,2080]},"aver_avail":{"req_num1":[0.9921238208,0.9990623528,0.9944578112,0.9990623528,0.990745874,0.9993463982,0.992159226,0.9997653862,0.9997832128,0.9997832128],"req_num3":[0.9985125192,0.9986007217,0.9975651775,0.9948905316,0.9978347761,0.9985121977,0.9993633369,0.996131037,0.9982651956,0.9977346255],"req_num4":[0.9968717432,0.9996661218,0.9982908634,0.9989225839,0.9977829799,0.9987979803,0.9973998282,0.9953135122,0.996812023,0.9958264547],"req_num7":[0.9975271259,0.9980794954,0.9977154053,0.9964529894,0.9980183881,0.9991771434,0.9977404913,0.9971640135,0.9976617451,0.9976626314],"req_num2":[0.9988149918,0.9981339074,0.9995129313,0.9995308711,0.9969347768,0.9996805536,0.9960889352,0.9989619125,0.9989137907,0.999214495],"req_num8":[0.9977146345,0.997897998,0.9986671514,0.9989391614,0.9957378428,0.9980218575,0.9978417804,0.9966826318,0.9973840365,0.9976176373],"req_num6":[0.9989692871,0.9989049155,0.9984052089,0.9983696849,0.9966862712,0.9988919965,0.9983038875,0.9958921661,0.9992067839,0.9984377683],"req_num9":[0.9981576231,0.9967468213,0.9983732251,0.9976154226,0.997730482,0.9973876989,0.9974695843,0.9977002197,0.9981914125,0.9970956129],"req_num5":[0.9970510135,0.9959870451,0.9975712054,0.9979438651,0.9983018643,0.9988842277,0.9984493809,0.9973210227,0.9984138551,0.9971578323]},"label":"COGR"},"BWGreedy":{"accept_ratio":{},"total_bw":{"req_num1":[230,310,90,310,190,350,170,670,950,950],"req_num3":[1070,1770,1990,1650,1490,1470,1090,2010,2590,1630],"req_num4":[2260,2320,2340,2160,1720,2320,1820,2120,1740,1340],"req_num7":[3210,2470,3350,2610,3010,3170,3450,2790,2670,2920],"req_num2":[1120,1080,1300,1200,960,1580,1180,1140,1080,1820],"req_num8":[3660,3160,4420,3080,2660,3240,2940,3200,3040,3160],"req_num6":[3790,3270,2980,2800,3560,3160,3090,2870,3290,2990],"req_num9":[3420,3470,4150,3860,3590,3630,3450,3690,3030,3290],"req_num5":[2310,2910,2730,1410,2950,2830,2770,1810,3030,1270]},"aver_avail":{"req_num1":[0.9965408681,0.998973507,0.9944161082,0.998973507,0.9948110003,0.9994184897,0.9965385615,0.9999145973,0.9999342066,0.9999342066],"req_num3":[0.9984221805,0.9986139155,0.9987402172,0.9964705528,0.9979337046,0.9987368185,0.9994528039,0.998148783,0.9990083436,0.9979053354],"req_num4":[0.9983683257,0.9996644059,0.9988261795,0.9989129603,0.9977618963,0.9980678203,0.997210712,0.9976010747,0.9984675138,0.9975659662],"req_num7":[0.9983169895,0.9982055192,0.9987815112,0.9974013784,0.9983477464,0.9988623572,0.9987692117,0.9981034158,0.9974217519,0.9979978253],"req_num2":[0.9984045761,0.9980265017,0.9996758579,0.9994522133,0.9969138038,0.9998588509,0.9982375373,0.9981729667,0.9989955474,0.9996461642],"req_num8":[0.998568809,0.998303367,0.9990127905,0.9991888292,0.9975154374,0.9982839024,0.9979703579,0.9979512211,0.9981253376,0.9981940563],"req_num6":[0.999505842,0.9991201007,0.9986666637,0.9990469608,0.9983799409,0.9990706244,0.9987597578,0.9976806092,0.9994637917,0.9986396441],"req_num9":[0.9974450669,0.9979035239,0.9986455762,0.9984557476,0.9976558551,0.9978072961,0.9977405431,0.9983754365,0.9984592581,0.9972973415],"req_num5":[0.9976354421,0.9979007121,0.9980520466,0.9974653721,0.9990416823,0.9990775928,0.9977364985,0.9984421838,0.9989832763,0.9976229782]},"label":"BWGR"}}