{"AvailGreedy":{"total_bw":{"mAoS":[390,990,1060,630,1050,690,890,520,580,1060],"oAmS":[490,1580,1560,950,1470,930,1390,690,790,1440],"mA":[1480,3380,4080,1400,3180,2660,2780,2060,1380,3620]},"accept_ratio":{},"aver_avail":{"mAoS":[0.9998761214,0.9999433829,0.9999613495,0.9999202576,0.9999462998,0.9999250159,0.9998712503,0.9999318885,0.9999395367,0.9999630725],"oAmS":[0.9990792918,0.9994022122,0.9992282942,0.999349589,0.9990722948,0.9991750111,0.9992754752,0.9988958357,0.9989913917,0.9991557147],"mA":[0.9989823778,0.9989056192,0.9993587909,0.9986506302,0.9982252592,0.9990774717,0.9988256217,0.9995547752,0.9988508976,0.9991506999]},"label":"AVGR"},"TARE":{"total_bw":{"mAoS":[230,580,620,400,590,420,470,300,370,670],"oAmS":[210,640,640,390,610,390,570,290,330,600],"mA":[980,1940,2560,820,1800,1880,1720,1340,840,2120]},"accept_ratio":{},"aver_avail":{"mAoS":[0.9997751705,0.9998947078,0.9999272086,0.9998564071,0.9999001974,0.9998634337,0.9997637791,0.9998750412,0.9998905389,0.9999321692],"oAmS":[0.9997559156,0.99984587,0.999788657,0.9998346056,0.9997401898,0.9997823487,0.9998053719,0.9996802869,0.9997115298,0.9997719411],"mA":[0.9989553344,0.9947053503,0.9973309813,0.9985455687,0.9943188256,0.9990209642,0.9943516554,0.9994662766,0.9987172609,0.9951635242]},"label":"TARE"},"BWGreedy":{"total_bw":{"mAoS":[340,1040,1160,620,1110,690,770,530,600,1160],"oAmS":[280,940,920,560,860,540,820,400,460,840],"mA":[1320,2440,3540,1060,2420,2380,2140,1760,1040,2780]},"accept_ratio":{},"aver_avail":{"mAoS":[0.9997719088,0.9998924299,0.9999249616,0.9998526321,0.999897849,0.9998603213,0.9997615851,0.9998722903,0.9998870969,0.9999291536],"oAmS":[0.9992320303,0.9995079819,0.999330713,0.9994724732,0.999189823,0.9993148938,0.9993804588,0.9990041746,0.9990967357,0.9992832395],"mA":[0.9989735802,0.9964729921,0.9961795563,0.9985615288,0.9940505015,0.9990236342,0.9984098823,0.9994802484,0.9987258414,0.9950344276]},"label":"BWGR"},"ComGreedy":{"total_bw":{"mAoS":[450,1150,1240,730,1220,800,1010,610,680,1240],"oAmS":[670,2190,2190,1310,2010,1280,1930,950,1090,1970],"mA":[1980,4040,5200,1900,3760,3540,3560,2740,1840,4540]},"accept_ratio":{},"aver_avail":{"mAoS":[0.9993492047,0.9996646691,0.9997498034,0.9995605122,0.9996760261,0.9995849942,0.9993549302,0.999617874,0.9996503617,0.9997603384],"oAmS":[0.9975843645,0.9979045323,0.997299096,0.9979118313,0.9968244938,0.9972805829,0.9977083662,0.9968504524,0.9970159076,0.9975279988],"mA":[0.9981787872,0.9954071697,0.9984513426,0.9954150486,0.9942629169,0.997645102,0.9950973385,0.9974829593,0.995717692,0.9969801167]},"label":"COGR"}}